id,ra,dec,per,mag_v,mag_b,type,mag_j,merr_j,mag_h,merr_h,mag_k,merr_k,mag_3,merr_3,mag_4,merr_4,resid_j,resid_h,resid_k,resid_3,resid_4,photfeh,photfeh_err,per_old,per_new,feh_s,feh_s_err,feh_r,feh_r_err,feh_rs,feh_rs_err,feh_b,feh_comb,feh_comb_err,clip_j,clip_h,clip_k,clip_3,clip_4
3,13:25:56.15,-47:25:53.8,0.841258,14.389,14.907,0,13.2748342975,0.00502839161385,13.0005564067,0.00530068129793,12.9150666729,0.00503322295685,12.895954617,0.0199205741641,,,-0.140892327734,-0.168867243776,-0.168217249115,-0.0507787650869,,-1.54,0.05,0.8413,0.841262,,,-1.54,0.05,-1.73,0.05,-1.59,-1.72,0.04,False,False,False,False,True
4,13:26:12.93,-47:24:18.8,0.62732,14.453,14.905,0,13.4990947093,0.00460374243898,13.2472240484,0.0060747656562,13.1426586558,0.00574274905134,13.0501617174,0.0134205260725,13.233315077,0.0183382788799,-0.11269395409,-0.13019656109,-0.106010505059,0.0970471085172,-0.102437526446,-1.74,0.05,0.6273,0.627318,,,-1.74,0.05,-1.95,0.05,-2.24,-1.96,0.08,False,False,False,False,False
5,13:26:18.33,-47:23:12.4,0.515274,14.745,15.235,0,13.782586924,0.00495745790591,13.6274790693,0.00568624070308,13.5493788646,0.00767617164419,,,13.7537561903,0.0310022638929,-0.226907926661,-0.319127006459,-0.318415356665,,-0.421641759275,-1.35,0.08,0.5153,0.51528,-1.24,0.11,-1.35,0.08,-1.43,0.17,-0.78,-1.22,0.43,True,True,True,True,False
7,13:27:00.90,-47:14:00.5,0.713,14.59,99.999,0,13.36852206,0.00267186992365,13.2046095534,0.00889678468761,13.0506295652,0.00530068129793,,,,,-0.0922656893981,-0.212071352883,-0.140416715115,,,-1.46,0.08,0.713,0.713034,,,-1.46,0.08,-1.64,0.08,-1.8,-1.66,0.07,False,False,False,True,True
8,13:27:48.45,-47:28:20.3,0.521329,14.683,15.061,0,13.5299220988,0.00422459728521,13.2786892235,0.00476313972081,13.2381426091,0.00394669341207,,,,,0.0157059879877,0.0183029258003,-0.0187165926307,,,-1.91,0.28,0.5213,0.521326,,,-1.91,0.28,-2.13,0.28,-1.49,-1.77,0.45,False,False,False,True,True
9,13:25:59.58,-47:26:24.0,0.52348,14.756,15.274,0,13.7842124319,0.00480523441445,13.5434915538,0.006,13.4764853093,0.00468226559596,13.3976411723,0.010443696707,13.7167572961,0.029846081535,-0.242126788362,-0.25050320583,-0.261125681498,-0.0641763214775,-0.400802556242,-1.49,0.06,0.5235,0.523464,,,-1.49,0.06,-1.67,0.06,-0.7,-1.62,0.31,True,False,True,False,False
10,13:26:06.99,-47:24:36.6,0.374976,14.484,14.902,1,13.5846380674,0.00390690272324,13.4112182904,0.00660544808809,13.3509416778,0.00542755316264,13.404833456,0.00722464515723,,,-0.0687650989486,-0.104150722763,-0.11882139649,-0.0849766115654,,-1.66,0.1,0.375,0.374882,,,-1.66,0.1,-1.86,0.1,-1.9,-1.87,0.02,False,False,False,False,True
11,13:26:30.59,-47:23:01.6,0.564789,14.534,14.914,0,13.4937720734,0.00416499966653,13.3407778792,0.00800520663902,13.2404849768,0.00722024545597,13.214357193,0.00943678393374,,,-0.0170319651507,-0.121645489591,-0.100135822116,0.0409305156544,,-1.67,0.13,0.5648,0.564806,-1.61,0.22,-1.67,0.13,-1.81,0.15,-2.09,-1.89,0.18,False,False,False,False,True
12,13:26:27.21,-47:24:06.2,0.386769,14.522,14.94,1,13.5974421757,0.00532290647422,13.4089558463,0.00810992190673,13.3129540849,0.00719857238933,,,13.3993917572,0.0105256347719,-0.114665191986,-0.138144587014,-0.117359075652,,-0.189595784518,-1.53,0.14,0.3868,0.386767,,,-1.53,0.14,-1.71,0.14,-1.71,-1.71,0.0,False,False,False,True,False
13,13:25:58.18,-47:25:21.6,0.669039,14.465,14.951,0,13.3945885991,0.00555965126804,13.1016307321,0.00641720776939,13.0687143731,0.00479727932154,12.9084392511,0.0165565934744,13.1634669369,0.0241250977019,-0.0635811618941,-0.047210836416,-0.0956524945152,0.172498921778,-0.0984406048727,-1.91,0.0,0.669,0.669048,,,-1.91,0.5,-2.13,0.5,-1.71,-1.8,0.23,False,False,False,False,False
14,13:25:59.74,-47:39:09.6,0.377114,14.514,14.895,1,13.5971273319,0.00312583322225,13.3484255448,0.00562978191802,13.3840473371,0.00462706410397,,,13.4156913031,0.0114913522932,-0.0873310240045,-0.0480148958383,-0.158633358134,,-0.173188883146,-1.71,0.13,0.3771,0.377126,,,-1.71,0.13,-1.91,0.13,-1.33,-1.79,0.34,False,False,False,True,False
15,13:26:27.11,-47:24:38.0,0.810642,14.397,14.927,0,13.2609633135,0.00519481579184,13.0537361677,0.00882900837517,12.975903342,0.00722168801443,12.8597036347,0.0180583094021,12.9161055602,0.0236379305003,-0.0951270335951,-0.185998867269,-0.192442276995,0.0236294686156,-0.0474336327379,-1.64,0.39,0.8106,0.810654,-1.68,0.18,-1.64,0.39,-1.72,0.07,-1.74,-1.72,0.01,False,False,False,False,False
16,13:27:37.69,-47:37:34.8,0.330202,14.562,14.917,1,13.6879340205,0.00443627721807,13.5299059901,0.00623052521417,13.4415440106,0.00509561358207,,,,,-0.0361553477316,-0.0739551315903,-0.0594359629652,,,-1.29,0.08,0.3302,0.330196,-1.65,0.46,-1.29,0.08,-1.46,0.05,-1.88,-1.48,0.11,False,False,False,True,True
18,13:27:45.11,-47:24:56.6,0.621689,14.57,14.971,0,13.3836579747,0.0029356524923,13.142258025,0.00688244546332,13.1148314115,0.00475876384509,,,,,0.0105002787283,-0.0164627242064,-0.0692783890031,,,-1.78,0.28,0.6217,0.621686,,,-1.78,0.28,-1.99,0.28,-1.9,-1.94,0.06,False,False,False,True,True
19,13:27:30.14,-47:28:05.2,0.299551,14.83,15.187,1,13.8947961251,0.00328823660949,13.7625514572,0.00530984410736,13.6338064167,0.00502079011046,13.8462253442,0.00724624735498,14.7427475277,0.0334386171876,-0.138895186269,-0.192535735096,-0.136787326958,-0.267126587832,-1.20233950207,-1.22,0.05,0.2996,0.299552,,,-1.22,0.05,-1.37,0.05,,-1.37,0.05,False,False,False,False,True
20,13:27:14.05,-47:28:06.3,0.615559,14.579,15.009,0,13.4257694006,0.00424264068712,13.2170215835,0.0102567728301,13.1425045771,0.00725909391346,13.2014106174,0.0150557156324,13.4223697273,0.0299211164082,-0.023085918238,-0.0815907513674,-0.0871654008448,-0.0347216989287,-0.272135375917,,,0.6156,0.615564,-1.52,0.34,,,-1.54,0.34,-1.66,-1.62,0.08,False,False,False,False,False
21,13:26:11.17,-47:25:58.8,0.380812,14.356,14.701,1,13.5864324256,0.00473609074613,13.4042462492,0.00769379259172,13.3716261652,0.00590197706988,13.4411263614,0.00853005381574,13.5779166464,0.01681915898,-0.0870657613114,-0.115261166741,-0.157722512133,-0.13909713032,-0.348039138394,-0.9,0.11,0.3808,0.380809,,,-0.9,0.11,-1.02,0.11,-1.87,-1.16,0.44,False,False,False,False,False
22,13:27:41.04,-47:34:07.6,0.396055,14.547,14.929,1,13.5794101064,0.00348608344389,13.3947714078,0.00470593596783,13.2924309661,0.00486483983978,,,,,-0.121990879899,-0.151739308794,-0.124821193989,,,-1.63,0.17,0.3961,0.396084,-1.6,0.99,-1.63,0.17,-1.82,0.05,-1.51,-1.81,0.09,False,False,False,True,True
23,13:26:46.50,-47:24:39.5,0.51087,14.869,15.312,0,13.9617403051,0.00715648501555,13.8450543321,0.0137623681748,13.6936762507,0.00964761052743,,,,,-0.398676478662,-0.528355660298,-0.454235659792,,,-1.08,0.14,0.5109,0.51087,-1.35,0.58,-1.08,0.14,-1.23,0.05,-0.71,-1.21,0.14,True,True,True,True,True
24,13:27:38.32,-47:34:14.5,0.462278,14.478,14.884,1,13.4284547458,0.00352175776819,13.236835422,0.00391223153144,13.1454169393,0.0040199156984,,,,,-0.136286071169,-0.1748335903,-0.160180389,,,-1.86,0.03,0.4623,0.462222,,,-1.86,0.03,-2.08,0.03,-1.14,-2.07,0.16,False,False,False,True,True
25,13:26:25.52,-47:28:23.3,0.588364,14.478,14.934,0,13.610192739,0.00624332977398,13.361232083,0.0155579115279,13.2565217109,0.009542667342,13.2975656035,0.0252342210801,13.1910336278,0.0138240528285,-0.168634917737,-0.18186402482,-0.156558482822,-0.0843687682212,0.00541428648631,-1.57,0.14,0.5884,0.588354,,,-1.57,0.14,-1.76,0.14,-1.88,-1.79,0.07,False,False,False,False,False
26,13:26:23.64,-47:26:59.4,0.78472,14.502,15.05,0,13.2726954931,0.00496235831032,13.007737763,0.0119936325699,12.9292908447,0.00761759658802,,,,,-0.0788986272044,-0.108398366641,-0.113733680481,,,-1.68,0.1,0.7847,0.784721,-1.81,0.12,-1.68,0.1,-1.86,0.04,-1.36,-1.85,0.11,False,False,False,True,True
27,13:26:26.04,-47:28:16.5,0.61568,14.757,15.275,0,13.4507350131,0.00735555345754,13.091311794,0.0170786578968,13.0903300393,0.0127964838921,13.3120906123,0.0172848631498,,,-0.0482206300305,0.0439279158125,-0.0351849729848,-0.145603998384,,-1.5,0.26,0.6157,0.615693,-1.16,0.14,-1.5,0.26,-1.29,0.3,-1.24,-1.26,0.03,False,False,False,False,True
30,13:26:15.94,-47:29:56.0,0.40441,14.483,14.827,1,13.5244195944,0.00613844895357,13.2992126821,0.0131669303771,13.2642898444,0.00854644175471,13.318578808,0.0115732867034,13.246698724,0.0166283706249,-0.0893127428649,-0.0806235586757,-0.121304375583,-0.0859533080446,-0.0946066618264,-1.75,0.17,0.4044,0.404235,-1.62,0.28,-1.75,0.17,-1.87,0.2,-1.65,-1.79,0.15,False,False,False,False,False
32,13:27:03.32,-47:21:38.9,0.620373,14.53,14.962,0,13.5310755235,0.00259138530091,13.2973121654,0.00532551510289,13.1538199238,0.00519481579184,,,,,-0.135094165588,-0.169456324001,-0.106174150371,,,-1.53,0.16,0.6204,0.620368,,,-1.53,0.16,-1.71,0.16,-1.77,-1.73,0.04,False,False,False,True,True
33,13:25:51.60,-47:29:05.8,0.602324,14.544,14.932,0,13.3588694592,0.00424182219754,13.1167825664,0.00622048586884,13.1170538802,0.00558519869337,,,13.1390975261,0.0205079680347,0.0625137067004,0.0397833447041,-0.0402492418719,,0.0333668882472,-2.09,0.23,0.6023,0.602333,-1.58,0.42,-2.09,0.23,-2.16,0.44,-1.66,-1.78,0.3,False,False,False,True,False
34,13:26:07.21,-47:33:10.4,0.733967,14.481,14.985,0,13.2781305145,0.00393170870403,13.0292027417,0.00406030923836,12.9234697116,0.00369402670988,13.4910976703,0.0323600651802,13.0396919841,0.0320901765605,-0.0268089990678,-0.0648468434169,-0.0418797088927,-0.505492982835,-0.0693957609959,-1.71,0.0,0.734,0.733955,,,-1.71,0.5,-1.91,0.5,-1.72,-1.76,0.11,False,False,False,True,False
35,13:26:53.21,-47:22:34.7,0.386841,14.563,14.898,1,13.5928798488,0.00332707746295,13.5137321905,0.00680634916008,13.3668087232,0.00663063177818,,,,,-0.110301811604,-0.243138875064,-0.171433274596,,,-1.56,0.08,0.3868,0.386833,-1.63,0.36,-1.56,0.08,-1.74,0.03,-1.42,-1.74,0.05,False,False,False,True,True
36,13:27:10.11,-47:15:29.8,0.379846,14.55,99.999,1,13.5398351079,0.00208166599947,13.3887413324,0.00549431524396,13.3214964396,0.00417083125208,,,,,-0.0377537936148,-0.0967823789984,-0.104596854233,,,-1.49,0.23,0.3798,0.379813,,,-1.49,0.23,-1.67,0.23,-1.86,-1.76,0.14,False,False,False,True,True
38,13:27:03.30,-47:36:30.2,0.779061,14.478,15.025,0,13.2352333721,0.00430680985314,12.9944832078,0.00561496017597,12.8185067539,0.00521149903792,,,,,-0.0352097130383,-0.0881060578327,0.00419817794085,,,-1.75,0.18,0.7791,0.779059,-1.64,0.4,-1.75,0.18,-1.91,0.16,-1.5,-1.79,0.26,False,False,False,True,True
39,13:27:59.77,-47:34:42.3,0.393374,14.565,14.928,1,13.5654105265,0.00257795138304,13.4349650084,0.00408078151557,13.3116711368,0.00395196856713,,,,,-0.1007317228,-0.183980117792,-0.136049576117,,,-1.96,0.29,0.3934,0.393386,,,-1.96,0.29,-2.19,0.29,-1.37,-1.72,0.57,False,False,False,True,True
40,13:26:24.56,-47:30:46.2,0.634072,14.519,14.975,0,13.5440468827,0.00637322960167,13.277085654,0.0147287983217,13.1688931345,0.0095630219538,13.1400832659,0.0172254035102,,,-0.166856671706,-0.170468266892,-0.142817814424,-0.0038936170615,,-1.6,0.08,0.6341,0.634098,-1.62,0.19,-1.6,0.08,-1.77,0.08,-1.72,-1.77,0.02,False,False,False,False,True
41,13:27:01.41,-47:31:01.7,0.662942,14.537,15.028,0,13.1133715383,0.0202844357411,12.5550225539,0.0215546785331,12.5239845013,0.0305179819487,,,12.3965453564,0.0105028042007,0.22551215776,0.508299382962,0.45811857498,,0.677844221262,-1.89,0.48,0.6629,0.662934,,,-1.89,0.48,-2.11,0.48,-1.97,-2.0,0.08,True,True,True,True,True
44,13:26:22.39,-47:34:35.3,0.567545,14.732,15.248,0,13.6961249858,0.00395986812351,13.4496200029,0.00662015021649,13.382033476,0.0053183382952,,,,,-0.22357285472,-0.235221021106,-0.246491721661,,,-1.4,0.12,0.5675,0.567536,-1.29,0.35,-1.4,0.12,-1.54,0.11,-0.9,-1.44,0.33,True,False,True,True,True
45,13:25:30.88,-47:27:21.0,0.589116,14.531,15.006,0,13.5397334566,0.00423936578066,13.2273252698,0.00436367582053,13.1879520503,0.00410791918129,,,13.2074500799,0.0124644037128,-0.0992745479114,-0.0491992435507,-0.089250269569,,-0.0123085457819,-1.78,0.25,0.5891,0.589135,,,-1.78,0.25,-1.99,0.25,-1.97,-1.98,0.02,False,False,False,True,False
46,13:25:30.23,-47:25:51.8,0.686971,14.501,14.985,0,13.3145024208,0.00469929072662,13.0165794597,0.00477333449721,12.9695733981,0.00410876434521,,,,,-0.00625066990314,0.0121211115792,-0.0226328878477,,,-1.88,0.17,0.687,0.686962,,,-1.88,0.17,-2.1,0.17,,-2.1,0.17,False,False,False,True,True
47,13:25:56.46,-47:24:12.0,0.485303,14.344,14.756,1,13.4258972498,0.00567217869175,13.2443344198,0.00515388203202,13.1564286225,0.00512008571977,,,13.3744430074,0.0132162491299,-0.185679670724,-0.239244474981,-0.228526154088,,-0.458261202299,-1.58,0.31,0.4853,0.485295,,,-1.58,0.31,-1.77,0.31,-1.16,-1.4,0.42,False,False,False,True,False
49,13:26:07.78,-47:37:55.5,0.604627,14.609,15.111,0,13.5905778852,0.003338537604,13.2759568285,0.00558395518925,13.2447186981,0.00464877522699,,,13.2267237856,0.0080355729864,-0.172477966697,-0.123101765918,-0.171682916199,,-0.0581624745442,-1.98,0.11,0.6046,0.604645,,,-1.98,0.11,-2.21,0.11,-1.35,-2.07,0.45,False,False,False,True,False
50,13:25:53.94,-47:27:35.8,0.386172,14.633,15.005,1,13.6555953014,0.00413571839789,13.414447239,0.0043461349368,13.3735039586,0.00412310562562,,,13.5120726022,0.0103774823887,-0.171167291378,-0.141827297501,-0.176086849616,,-0.300278089343,-1.59,0.19,0.3862,0.386166,,,-1.59,0.19,-1.78,0.19,-1.44,-1.65,0.23,False,False,False,True,False
51,13:26:42.66,-47:24:21.4,0.574152,14.564,15.006,0,13.6224385902,0.00416749991668,13.4138336979,0.00943618920257,13.2930016052,0.00824199948772,13.4173886266,0.0207950521248,,,-0.159844114172,-0.210689228807,-0.168890293863,-0.179024263915,,-1.64,0.21,0.5742,0.574142,-1.84,0.23,-1.64,0.21,-1.85,0.02,-1.75,-1.85,0.01,False,False,False,False,True
52,13:26:35.19,-47:28:03.8,0.660386,13.765,14.141,0,12.9261617169,0.00707793912253,12.6808011768,0.0161928482156,12.6300273983,0.0136763177305,13.0694625954,0.0392887263737,,,0.416045456104,0.386277077517,0.355890714109,0.0248745546828,,-1.42,0.04,0.6604,0.660387,,,-1.42,0.04,-1.59,0.04,-2.4,-1.61,0.18,True,True,True,False,True
54,13:26:23.54,-47:18:47.7,0.772915,14.419,14.935,0,13.2935072004,0.00462180820795,13.0259101531,0.00480523441445,12.9679058696,0.00433253197719,12.9062453391,0.0135083987548,,,-0.086669439691,-0.111831451599,-0.137378995737,0.0261405201498,,-1.66,0.12,0.7729,0.772909,-1.8,0.23,-1.66,0.12,-1.85,0.02,-1.75,-1.85,0.01,False,False,False,False,True
55,13:25:45.00,-47:42:18.0,0.581724,14.7,15.07,0,,,,,,,,,,,,,,,,-1.23,0.31,0.5817,0.581921,,,-1.23,0.31,-1.38,0.31,,-1.38,0.31,True,True,True,True,True
56,13:25:55.53,-47:37:44.1,0.568023,14.762,15.229,0,13.6899283387,0.00272972322569,13.4622717969,0.00624722160466,13.3825578908,0.00496445700287,,,13.3854744428,0.014631135647,-0.218100499404,-0.248691436663,-0.247847554693,,-0.153041726663,-1.26,0.15,0.568,0.568036,,,-1.26,0.15,-1.42,0.15,-0.52,-1.18,0.56,True,False,True,True,False
57,13:27:49.38,-47:36:50.5,0.794402,14.471,14.986,0,13.2561948315,0.00428093317968,13.0910807941,0.00524801549794,12.8965378662,0.00414661843487,,,,,-0.0729479937647,-0.203665432598,-0.0930911330952,,,-1.89,0.14,0.7944,0.794422,,,-1.89,0.14,-2.11,0.14,-2.04,-2.09,0.04,False,False,False,True,True
58,13:26:13.05,-47:24:03.0,0.36988,14.474,14.789,1,13.6757352679,0.00498330546258,13.517283434,0.0051706973525,13.426040898,0.00594535299391,,,13.5750662228,0.0135128334179,-0.14523750416,-0.194194554662,-0.177780452528,,-0.307505031225,-1.37,0.18,0.3699,0.369922,-1.91,0.31,-1.37,0.18,-1.64,0.24,-1.78,-1.71,0.1,False,False,False,True,False
59,13:26:18.43,-47:29:46.7,0.518506,14.741,15.253,0,13.7397258811,0.00658280588604,13.4325870184,0.012401276816,13.4081054536,0.00955721077395,,,13.4278362995,0.0215487657059,-0.189426402488,-0.130315088033,-0.183317122639,,-0.102117005579,-1.0,0.28,0.5185,0.518551,,,-1.0,0.28,-1.13,0.28,-1.54,-1.36,0.29,False,False,False,True,False
62,13:26:26.59,-47:27:55.4,0.61977,14.474,14.894,0,13.4730623559,0.00794162731715,13.1052532886,0.0207201927812,13.097957265,0.0145408906192,13.0872795169,0.0135015219176,,,-0.0762443469334,0.0235481669892,-0.0493510955602,0.0723921517241,,-1.62,0.29,0.6198,0.619796,,,-1.62,0.29,-1.81,0.29,-2.13,-1.99,0.22,False,False,False,False,True
63,13:25:07.96,-47:36:54.1,0.825943,14.48,14.9,0,13.2366616414,0.00503598164325,12.8755582445,0.0049117206761,12.8806138546,0.00345607355889,,,,,-0.0869130143268,-0.0260038086277,-0.115619888303,,,-1.73,0.09,0.8259,0.82596,,,-1.73,0.09,-1.94,0.09,-1.32,-1.87,0.28,False,False,False,True,True
64,13:26:02.22,-47:36:19.2,0.344497,14.555,14.898,1,13.6465558534,0.00378410417991,13.4607673947,0.00633388155522,13.4191883182,0.00622941053034,,,13.4289958286,0.0117134030047,-0.040073718732,-0.0544384243328,-0.0870702736049,,-0.06945680647,-1.46,0.23,0.3445,0.344474,,,-1.46,0.23,-1.64,0.23,-1.66,-1.65,0.01,False,False,False,True,False
66,13:26:33.08,-47:22:25.2,0.407266,14.488,14.869,1,13.5481657685,0.00303223423311,13.3819841402,0.00627550352119,13.2743322149,0.00568868272196,13.2742549746,0.00704359328852,,,-0.120580395342,-0.171634718403,-0.139647573093,-0.0497530380447,,-1.68,0.34,0.4073,0.407273,,,-1.68,0.34,-1.88,0.34,-1.61,-1.7,0.18,False,False,False,False,True
67,13:26:28.62,-47:18:46.9,0.564451,14.681,15.118,0,13.6566269688,0.00415581921326,13.4224127335,0.00448454134902,13.3555515925,0.00446047456369,13.4414690008,0.0163970123629,,,-0.179371834446,-0.2026982422,-0.214611236724,-0.185565132697,,-1.1,0.0,0.5645,0.564449,-1.19,0.23,-1.1,0.5,-1.22,0.02,-0.94,-1.22,0.03,False,False,False,False,True
68,13:26:12.80,-47:19:35.7,0.534609,14.242,14.671,1,13.2712173376,0.0060005786758,13.024311165,0.00441823871394,12.9770588648,0.00420317340431,13.0681165994,0.0126393585515,,,-0.1344190745,-0.132516009239,-0.16329165124,-0.15767892068,,-1.6,0.01,0.5346,0.534762,,,-1.6,0.01,-1.79,0.01,-1.57,-1.79,0.01,False,False,False,False,True
69,13:25:11.02,-47:37:33.5,0.635221,14.49,14.85,0,,,,,13.1282226622,0.00393347457374,,,,,,,-0.10393532366,,,-1.52,0.14,0.6532,0.653221,,,-1.52,0.14,-1.7,0.14,-1.75,-1.71,0.03,True,True,False,True,True
70,13:27:27.76,-47:33:42.7,0.390687,14.558,14.932,1,13.5352991166,0.00377951349015,13.292653057,0.00849305271645,13.2599804372,0.00643341968854,,,,,-0.063294675217,-0.0336430062169,-0.0762741825123,,,-1.94,0.15,0.3907,0.390591,-1.74,0.3,-1.94,0.15,-2.09,0.23,-1.57,-1.85,0.36,False,False,False,True,True
71,13:27:08.08,-47:27:51.6,0.357544,14.532,14.902,1,13.5970829206,0.00597506392341,13.3049443283,0.0181100033744,13.3393079383,0.0102628645557,,,13.1352597684,0.00889847247966,-0.0303312934847,0.0578602827165,-0.0510371340597,,0.176186128172,,,0.3575,0.357649,-1.74,0.28,,,-1.76,0.28,-2.01,-1.9,0.17,False,False,False,True,False
72,13:27:33.11,-47:16:22.9,0.384522,14.48,14.75,1,13.5610513822,0.00282228237031,13.3582784017,0.00481750281093,13.3206042487,0.00415832498329,,,,,-0.0720469239835,-0.0806450086239,-0.118136496361,,,-1.32,0.22,0.3845,0.384504,,,-1.32,0.22,-1.48,0.22,-1.54,-1.51,0.04,False,False,False,True,True
73,13:25:53.75,-47:16:10.8,0.575215,14.49,14.78,0,13.5084516053,0.00507786591219,13.2837114327,0.00502631961667,13.2266955691,0.00450154294536,,,,,-0.0474485076283,-0.0823655987106,-0.104411009092,,,-1.5,0.09,0.5752,0.575204,,,-1.5,0.09,-1.68,0.09,-0.95,-1.6,0.33,False,False,False,True,True
74,13:27:07.22,-47:17:33.9,0.503209,14.626,14.941,0,13.6796992899,0.00219374109685,13.4902024627,0.00452999264164,13.4459975722,0.00436288003757,,,,,-0.103636140974,-0.158811472346,-0.191634992731,,,-1.83,0.36,0.5032,0.503214,,,-1.83,0.36,-2.05,0.36,-2.18,-2.14,0.09,False,False,False,True,True
75,13:27:19.70,-47:18:46.5,0.422174,14.476,14.848,1,13.4181031047,0.00327129773773,13.193626727,0.00810135448209,13.1440682208,0.00726865416245,,,,,-0.028942132186,-0.0253708379686,-0.051789378322,,,-1.49,0.08,0.4222,0.422142,-1.82,0.99,-1.49,0.08,-1.67,0.02,-1.92,-1.67,0.03,False,False,False,True,True
76,13:26:57.23,-47:20:07.7,0.337962,14.517,14.856,1,13.6393600708,0.00340444970264,13.5223805922,0.00502908208987,13.4535805986,0.00563039864387,,,,,-0.0124083896032,-0.0936274457086,-0.0988720264257,,,-1.45,0.13,0.338,0.33796,,,-1.45,0.13,-1.63,0.13,-1.93,-1.69,0.17,False,False,False,True,True
77,13:27:20.89,-47:22:05.6,0.426294,14.569,14.948,1,13.4794012594,0.00382608009442,13.296747441,0.00817941182346,13.23340688,0.00607247890075,,,,,-0.100620137007,-0.139862570224,-0.152583410512,,,-1.81,0.0,0.4263,0.426041,-1.84,0.43,-1.81,0.5,-1.93,0.11,-1.48,-1.86,0.23,False,False,False,True,True
79,13:28:24.99,-47:29:25.2,0.608276,14.6,99.999,0,13.4115017175,0.00302535581011,13.1992115986,0.00460072458061,13.148116156,0.00428822677676,,,,,0.00142156193199,-0.0522073663464,-0.0810226644812,,,-1.39,0.18,0.6083,0.608287,,,-1.39,0.18,-1.56,0.18,-2.37,-1.84,0.54,False,False,False,True,True
81,13:27:36.68,-47:24:48.3,0.389392,14.608,15.062,1,13.5478110784,0.00360843918244,13.335860941,0.00954594154602,13.2969391825,0.00723369814748,13.3067719178,0.0106285241291,,,-0.0722580333145,-0.0729634316301,-0.109316630512,-0.0304625566268,,-1.72,0.31,0.3894,0.389385,-1.99,0.43,-1.72,0.31,-1.95,0.06,-1.15,-1.91,0.26,False,False,False,False,True
82,13:27:35.61,-47:26:30.3,0.335758,14.563,14.948,1,13.5887334942,0.00459392715078,13.3511006671,0.00691917625155,13.3019155245,0.00518879669202,13.5334269219,0.0264443587082,,,0.0452111240691,0.0853131694958,0.0605105678239,-0.0860469384099,,-1.56,0.2,0.3358,0.335765,-1.71,0.56,-1.56,0.2,-1.75,0.01,-1.91,-1.75,0.01,False,False,True,False,True
83,13:27:08.42,-47:21:34.1,0.356612,14.585,14.913,1,13.6104312295,0.00284800124844,13.4772499202,0.00679971404628,13.3758709982,0.00643665717244,,,,,-0.040889957062,-0.111389281638,-0.0845214955865,,,-1.3,0.22,0.3566,0.35661,,,-1.3,0.22,-1.46,0.22,-1.73,-1.58,0.19,False,False,False,True,True
84,13:24:47.45,-47:29:56.5,0.579873,14.27,99.999,0,,,12.8849950208,0.00497633287561,12.8082969569,0.00453382350291,,,,,,0.308508301642,0.306022497588,,,-1.47,0.1,0.5799,0.579918,,,-1.47,0.1,-1.65,0.1,,-1.65,0.1,True,True,True,True,True
85,13:25:06.49,-47:23:34.0,0.742758,14.47,99.999,0,13.3584835487,0.00319939230341,,,,,,,,,-0.117405396322,,,,,-1.87,0.31,0.7427,0.742749,,,-1.87,0.31,-2.09,0.31,-1.56,-1.77,0.37,False,True,True,True,True
86,13:27:15.19,-47:26:11.1,0.647844,14.541,14.983,0,13.4631672224,0.00649037749287,13.1618981545,0.0168446743974,13.0843376711,0.0124485050419,13.1162629327,0.0190409287353,,,-0.104463436601,-0.0761748138385,-0.0794830127569,-0.00218980466492,,-1.81,0.18,0.6478,0.647841,-1.99,0.23,-1.81,0.18,-2.02,0.01,-1.96,-2.02,0.0,False,False,False,False,True
87,13:26:57.47,-47:25:35.4,0.396488,14.593,15.014,1,13.3927414527,0.015954361995,13.1134683543,0.0237862296765,13.0707767698,0.0306225906082,13.0427882084,0.00716490043225,,,0.06350991315,0.128284365464,0.0955441321255,0.212674398036,,-1.44,0.19,0.3965,0.395941,,,-1.44,0.19,-1.62,0.19,-1.53,-1.59,0.06,False,True,True,True,True
88,13:26:55.91,-47:25:16.3,0.690211,14.5,14.934,0,12.7102051431,0.00832165848855,12.4052621182,0.0157962284528,12.1716909871,0.0174180621451,12.3383213595,0.0145048712135,,,0.593998488932,0.61886311833,0.770602666868,0.71054966635,,-1.65,0.23,0.6902,0.690211,,,-1.65,0.23,-1.85,0.23,-1.46,-1.67,0.28,True,True,True,True,True
89,13:26:45.98,-47:26:01.0,0.37511,14.635,15.004,1,13.7455530605,0.00899382504215,13.6627008639,0.0202285551744,13.4362715344,0.0149166666667,13.5985695627,0.0125094542979,,,-0.230061965674,-0.356051634863,-0.204572695092,-0.279125160401,,-1.37,0.28,0.3751,0.374179,-1.66,0.23,-1.37,0.28,-1.62,0.1,-0.88,-1.52,0.36,True,True,False,False,True
90,13:26:45.76,-47:26:23.4,0.603404,14.525,15.005,0,13.5166407284,0.00797609274993,13.1589463906,0.0414464178857,13.1113530417,0.0205969927686,,,,,-0.0967988132736,-0.00412245853836,-0.0363176129934,,,-2.21,0.0,0.6034,0.603405,-1.78,0.31,-2.21,0.5,-1.98,0.42,-1.16,-1.37,0.51,False,False,False,True,True
91,13:26:50.61,-47:26:15.6,0.895225,14.335,14.881,0,13.0581690141,0.00604611904907,12.7369963405,0.0120476484566,12.7293425681,0.0110453610172,14.1269607176,0.0340592143463,,,0.0222800234292,0.0342331175888,-0.0438979539598,-1.34578196281,,-1.44,0.17,0.8952,0.895222,-1.81,0.3,-1.44,0.17,-1.67,0.13,-1.97,-1.73,0.18,False,False,False,True,True
94,13:25:57.06,-47:22:46.1,0.253936,14.764,15.068,1,14.1010139291,0.00704992119735,13.9585813857,0.00637813103938,13.8778096007,0.00792148975888,13.9754928126,0.00517486122324,,,-0.168544855131,-0.195137101089,-0.185927018461,-0.205691860703,,-1.0,0.11,0.2539,0.253934,,,-1.0,0.11,-1.13,0.11,-1.72,-1.23,0.31,False,False,False,False,True
95,13:25:24.95,-47:28:53.2,0.405067,14.558,14.933,1,13.5072974468,0.00422459728521,13.2830076983,0.0049679528536,13.2682875397,0.00478350754619,,,13.2363893721,0.00933162442408,-0.0739255449008,-0.0663191942249,-0.127216789782,,-0.0863974379091,-1.84,0.55,0.4051,0.404966,,,-1.84,0.55,-2.06,0.55,,-2.06,0.55,False,False,False,True,False
96,13:26:39.31,-47:27:03.0,0.624527,14.344,14.927,0,,,,,,,13.0431064178,0.0266947331839,,,,,,0.10869526652,,-1.22,0.0,0.6245,0.624528,,,-1.22,0.5,-1.37,0.5,-2.12,-1.97,0.43,True,True,True,False,True
97,13:27:08.49,-47:25:30.9,0.691898,14.534,14.959,0,13.325529068,0.00302650329956,13.1567297652,0.00837033452139,13.0530244222,0.00642369744687,13.0771058445,0.0248630757356,,,-0.0234256897999,-0.134978313794,-0.113141660313,-0.0307474898166,,-1.56,0.37,0.6919,0.69189,-1.74,0.17,-1.56,0.37,-1.76,0.01,-1.85,-1.76,0.0,False,False,False,False,True
98,13:27:05.85,-47:26:56.5,0.280566,14.782,15.152,1,13.8816711676,0.00962346668883,13.6327148495,0.018747592438,13.6541055488,0.0153081768274,13.2706917134,0.0123531942196,13.5920323212,0.0218955711333,-0.0557898892704,0.0139636094131,-0.0798550075837,0.383989221915,0.033085753741,-1.05,0.12,0.2806,0.280566,,,-1.05,0.12,-1.18,0.12,,-1.18,0.12,False,False,False,True,False
99,13:27:02.16,-47:27:48.8,0.766181,14.244,14.714,0,13.0790040463,0.00630916441025,12.6320393827,0.015983498435,12.6664376442,0.0137158667243,,,12.6671815085,0.0233201390943,0.135362223105,0.290548319795,0.172731243178,,0.259182556909,-1.66,0.14,0.7662,0.766179,-1.91,0.25,-1.66,0.14,-1.88,0.04,-2.2,-1.89,0.07,True,True,True,True,False
100,13:27:04.04,-47:27:33.4,0.552745,14.789,15.378,0,13.5957118865,0.00926387847742,13.2252788918,0.02201956201,13.2132075684,0.0186978905524,,,,,-0.100426831117,0.0148136879318,-0.0515705743508,,,-1.58,0.14,0.5527,0.552748,,,-1.58,0.14,-1.77,0.14,-1.8,-1.78,0.02,False,False,False,True,True
101,13:27:30.24,-47:29:51.0,0.340946,14.61,14.978,1,13.7143702456,0.0047609522857,13.5085911321,0.00874682482072,13.4405619522,0.00655902685871,,,,,-0.0968139932925,-0.0901305806048,-0.0962223295842,,,-1.88,0.32,0.3409,0.340947,,,-1.88,0.32,-2.1,0.32,-1.63,-1.81,0.32,False,False,False,True,True
102,13:27:22.11,-47:30:12.3,0.691396,14.554,15.002,0,13.3403672013,0.00343288832067,13.0534046869,0.00635577165522,13.002396202,0.00578671850975,13.1218992586,0.0311730768099,13.5301228932,0.053697062243,-0.037639386967,-0.0309474745135,-0.0617966466928,-0.0747938500877,-0.498715194118,-1.84,0.13,0.6914,0.691396,-1.65,0.16,-1.84,0.13,-1.9,0.27,-1.58,-1.73,0.23,False,False,False,False,True
103,13:27:14.29,-47:28:36.3,0.328852,14.538,14.865,1,13.625594638,0.00506622805119,13.4328558269,0.0115485088022,13.3819620968,0.00968389269756,,,,,0.0305626753351,0.0278917869806,0.00497829044437,,,-1.92,0.11,0.3289,0.328856,-1.78,0.27,-1.92,0.11,-2.1,0.17,-2.5,-2.23,0.26,False,False,False,True,True
104,13:28:07.76,-47:33:44.9,0.866524,14.515,15.05,0,13.8523912106,0.0277307240359,14.3020090598,0.054284119455,13.8676808431,0.040622328972,,,,,-0.743907841667,-1.49909415597,-1.15005547701,,,-1.83,0.18,0.8665,0.866567,,,-1.83,0.18,-2.05,0.18,-1.36,-1.81,0.46,True,True,True,True,True
105,13:27:46.02,-47:32:43.9,0.335328,14.746,15.12,1,13.7773580412,0.00412815535883,13.6247257609,0.00579631108743,13.5393379673,0.00518478007677,,,,,-0.142043751942,-0.186811463928,-0.175400283589,,,-1.24,0.18,0.3353,0.335331,,,-1.24,0.18,-1.39,0.18,-0.94,-1.24,0.3,False,False,False,True,True
106,13:26:59.19,-47:28:12.5,0.569903,14.518,14.942,0,13.5740668682,0.00842120339777,13.2812089898,0.0237527776154,13.2296068665,0.0149807747167,13.2768880215,0.0211136474772,,,-0.105081807301,-0.0708416436114,-0.0981597702076,-0.0308781837288,,-1.5,0.23,0.5699,0.569903,-1.9,0.26,-1.5,0.23,-1.79,0.17,-1.83,-1.8,0.03,False,False,False,False,True
107,13:27:14.05,-47:30:57.9,0.514102,14.864,15.232,0,13.6084278458,0.00493288286232,13.3519757507,0.0109185748968,13.3271570208,0.00867267419991,,,,,-0.0507897667807,-0.0414094607604,-0.0939446730159,,,-1.36,0.11,0.5141,0.514104,,,-1.36,0.11,-1.53,0.11,-1.13,-1.46,0.21,False,False,False,True,True
108,13:27:04.71,-47:29:25.7,0.594458,14.532,14.991,0,13.4713073944,0.0137759855465,13.0112324264,0.0262789522876,13.0615921312,0.0255857762134,,,13.0818427888,0.0162345519611,-0.0386147148308,0.158115918376,0.0281947555293,,0.104066302322,-1.93,0.23,0.5945,0.594457,-1.63,0.13,-1.93,0.23,-1.77,0.31,-1.72,-1.74,0.03,False,True,False,True,False
109,13:27:01.56,-47:29:36.6,0.744098,14.446,14.909,0,13.2872600801,0.0057008771255,13.0753362573,0.0158871891088,12.9969727691,0.010251354924,,,12.7895241271,0.0201614101549,-0.0477326527233,-0.124310476713,-0.128921260203,,0.16675136033,-1.51,0.25,0.7441,0.744099,-1.7,0.07,-1.51,0.25,-1.72,0.01,-1.64,-1.72,0.0,False,False,False,True,False
110,13:27:02.08,-47:30:06.6,0.332107,14.616,14.969,1,13.804301745,0.00593014895822,13.759068455,0.0137641341496,13.5940396568,0.00981141625296,,,12.7518181011,0.00940986896706,-0.158671462715,-0.309853094558,-0.218717073835,,0.65510910947,-2.14,0.16,0.3321,0.332102,-1.65,0.52,-2.14,0.16,-2.33,0.29,-1.51,-1.86,0.57,False,True,False,True,True
111,13:26:49.03,-47:28:40.4,0.762905,14.393,14.9,0,13.2359195136,0.00745309406295,12.9073736955,0.0252128439491,12.868848244,0.0171535143791,12.9979993988,0.0198302884212,,,-0.0178667680494,0.0193805996711,-0.0254476318584,-0.0521963189168,,-1.66,0.04,0.7629,0.762901,-1.79,0.09,-1.66,0.04,-1.85,0.03,-1.68,-1.85,0.03,False,False,False,False,True
112,13:26:54.28,-47:30:23.2,0.474359,14.49,14.838,0,13.6893337714,0.00519281020044,13.3956669924,0.0148522819047,13.4422980451,0.00937342579376,,,,,-0.0624752961131,-0.00686523186826,-0.129627251525,,,-1.81,0.26,0.4744,0.474356,,,-1.81,0.26,-2.02,0.26,-2.16,-2.09,0.1,False,False,False,True,True
113,13:26:56.34,-47:31:47.6,0.573375,14.563,15.02,0,13.598076328,0.00564579489532,13.4128578282,0.0146040329285,13.2721494777,0.00867867757463,,,,,-0.134316768732,-0.208396538625,-0.146700761372,,,-1.65,0.34,0.5734,0.573376,,,-1.65,0.34,-1.85,0.34,-1.49,-1.62,0.24,False,False,False,True,True
114,13:26:50.12,-47:30:21.1,0.675307,14.467,14.937,0,12.5451515589,0.018515383994,12.3950428153,0.0241261269167,12.0772450731,0.0318794386888,12.4060516904,0.0134319407454,12.0831111527,0.0107864532738,0.777833191135,0.650309540467,0.886607521979,0.665288416555,0.972377860657,-1.32,0.3,0.6753,0.675308,-1.61,0.99,-1.32,0.3,-1.49,0.06,-1.78,-1.51,0.09,True,True,True,True,True
115,13:26:12.30,-47:34:17.5,0.630474,14.535,15.025,0,13.4084221271,0.00348807492274,13.1913349317,0.00497004918375,13.1174838666,0.00369684550214,,,13.080644075,0.0110574935406,-0.0263360843913,-0.0791840931988,-0.0857885963375,,0.0451041732106,-1.87,0.01,0.6305,0.63048,-1.64,0.32,-1.87,0.01,-2.09,0.02,-1.78,-2.09,0.03,False,False,False,True,False
116,13:26:35.50,-47:28:07.0,0.720133,14.392,14.867,0,12.7189552285,0.0140946699934,12.2594349452,0.0205375672042,12.0980962354,0.0213775583264,13.0731914536,0.0398543572072,,,0.548736916554,0.723423648552,0.802285696515,-0.0680015101009,,-1.27,0.44,0.7201,0.720134,-1.11,0.17,-1.27,0.44,-1.17,0.14,-2.41,-1.47,0.75,True,True,True,False,True
117,13:26:19.91,-47:29:21.0,0.421641,14.474,14.887,1,13.4857785849,0.00571851282143,13.2812034922,0.0122822704199,13.2069018654,0.00889678468761,,,13.0777581964,0.0124413944709,-0.0952673880039,-0.111468446348,-0.113132893129,,0.0203515597315,-1.68,0.25,0.4216,0.421643,,,-1.68,0.25,-1.88,0.25,-1.18,-1.53,0.49,False,False,False,True,False
118,13:26:40.56,-47:30:19.1,0.611618,14.458,14.884,0,13.4012146994,0.00644959085696,13.129647239,0.0157493386105,13.0131086601,0.0141982491096,12.985920887,0.0221368448894,13.0417065652,0.00810863104779,0.0069946381989,0.012029120581,0.0485736735549,0.18737897388,0.115096887184,-1.62,0.23,0.6116,0.61162,-2.04,0.14,-1.62,0.23,-1.99,0.15,-2.66,-2.17,0.42,False,False,True,True,False
119,13:26:38.29,-47:31:18.0,0.305876,14.686,14.992,1,13.8528428471,0.0056789083458,13.7828154062,0.0120202375647,13.6338700991,0.00824031417956,13.7573725582,0.0114685294697,13.6731179046,0.0560829300674,-0.119274568893,-0.237264882407,-0.161497700238,-0.202394164261,-0.159743197138,-1.61,0.1,0.3059,0.305875,,,-1.61,0.1,-1.8,0.1,-2.03,-1.83,0.11,False,False,False,False,False
120,13:26:25.52,-47:32:48.6,0.548537,14.764,15.232,0,13.5553437559,0.0142148689758,13.1156829319,0.022780352158,13.1549480985,0.0270438173259,13.204937877,0.0282280560434,13.1948031153,0.0150014643171,-0.0534839680392,0.131840655413,0.0142360644812,0.0804021490089,0.0733313872434,-1.39,0.06,0.5485,0.548547,-1.15,0.16,-1.39,0.06,-1.51,0.18,-1.24,-1.42,0.18,False,True,False,False,False
121,13:26:28.17,-47:31:50.5,0.304182,14.588,14.902,1,13.7450145828,0.00456967662362,13.6587675017,0.00941519162489,13.5364441353,0.00760162628799,13.5647880034,0.00406668767185,,,-0.00551064049233,-0.106714519388,-0.0575210400957,-0.00339880280528,,-1.46,0.13,0.3042,0.304182,-1.83,0.4,-1.46,0.13,-1.66,0.09,-2.41,-1.75,0.34,False,False,False,False,True
122,13:26:30.31,-47:33:02.2,0.634929,14.554,15.014,0,13.3843383853,0.00512008571977,13.1466020576,0.0121289369324,13.085687317,0.00696319690308,13.2573590208,0.0242767313752,13.4844994144,0.0347074367392,-0.00831020528485,-0.0412980411941,-0.0609458982091,-0.122559585702,-0.365952714217,-2.02,0.18,0.6349,0.634921,-1.79,0.21,-2.02,0.18,-2.07,0.31,-1.71,-1.85,0.25,False,False,False,False,False
123,13:26:51.17,-47:37:13.2,0.474169,14.452,14.886,1,13.4739877825,0.00448918453372,13.2645393206,0.00534633831078,13.1768034803,0.00496305797311,,,,,-0.208963770006,-0.232274185008,-0.221524224744,,,-1.64,0.01,0.4742,0.474857,,,-1.64,0.01,-1.84,0.01,-0.53,-1.84,0.07,False,False,False,True,True
124,13:26:54.49,-47:39:07.5,0.33186,14.561,14.916,1,13.7179135395,0.00382880166922,13.5324031362,0.00520683311727,13.4969314836,0.00673506578373,,,,,-0.0714880571646,-0.0823166423418,-0.120731304805,,,-1.33,0.23,0.3319,0.331862,,,-1.33,0.23,-1.49,0.23,-0.97,-1.25,0.37,False,False,False,True,True
125,13:26:48.92,-47:41:03.7,0.592888,14.58,99.999,0,13.4809145522,0.00445813862503,13.2291839074,0.00455292945988,13.1817394389,0.00434453679925,,,,,-0.0459466631199,-0.0572640360742,-0.0893408275731,,,-1.67,0.22,0.5929,0.592878,-1.81,0.38,-1.67,0.22,-1.86,0.02,,-1.86,0.02,False,False,False,True,True
126,13:28:08.03,-47:40:46.7,0.341891,14.6,99.999,1,13.6480458248,0.00314907393795,13.4876890047,0.00485269112051,13.3752103686,0.00453688586294,,,,,-0.0334478639593,-0.072469230854,-0.0341355650106,,,-1.31,0.13,0.342,0.341854,,,-1.31,0.13,-1.47,0.13,-1.83,-1.55,0.21,False,False,False,True,True
127,13:25:19.36,-47:28:37.6,0.305274,14.63,99.999,1,,,,,13.5829156764,0.00505318931193,,,13.6986776975,0.00515409715248,,,-0.108219508889,,-0.182754202554,-1.59,0.08,0.3053,0.305273,,,-1.59,0.08,-1.78,0.08,-1.88,-1.79,0.04,True,True,False,True,False
128,13:26:17.75,-47:30:13.0,0.834988,14.391,14.904,0,13.228761722,0.00513363094375,12.9548960386,0.0091188144941,12.8236827846,0.00566789202438,,,12.9898955632,0.0478612778851,-0.0883835364759,-0.115932424852,-0.0694451959315,,-0.151488053843,-1.88,0.04,0.835,0.834992,,,-1.88,0.04,-2.1,0.04,-1.82,-2.09,0.06,False,False,False,True,False
130,13:26:09.93,-47:13:40.0,0.49325,14.74,99.999,0,13.8058888518,0.00598609499869,13.599321371,0.00927286962656,13.4985614694,0.00716230487421,,,,,-0.212628035625,-0.248492936441,-0.224457600015,,,-1.46,0.17,0.4932,0.493251,,,-1.46,0.17,-1.64,0.17,-1.14,-1.48,0.33,True,False,False,True,True
131,13:26:30.07,-47:29:40.7,0.392252,14.493,14.877,1,13.555799291,0.00514309137474,13.3476480835,0.0138205262,13.2359908965,0.00803551146129,13.3829783335,0.00662554685954,,,-0.0880676530524,-0.0933188446072,-0.0570001778264,-0.115116473413,,-1.56,0.2,0.3923,0.392116,-1.66,0.48,-1.56,0.2,-1.74,0.03,-1.88,-1.74,0.02,False,False,False,False,True
132,13:26:39.22,-47:29:09.8,0.655656,14.452,14.886,0,13.268052765,0.00735035902373,13.1194351947,0.0246865066607,13.0460571531,0.0179370039614,13.1280808372,0.0391082685337,,,0.0803387292892,-0.0453671900762,-0.0530400267577,-0.0263449786644,,-1.91,0.2,0.6557,0.655644,,,-1.91,0.2,-2.13,0.2,-2.35,-2.22,0.15,True,False,False,False,True
134,13:25:13.42,-47:12:28.7,0.652903,14.46,14.82,0,,,,,,,,,,,,,,,,-1.8,0.41,0.6529,0.652918,,,-1.8,0.41,-2.01,0.41,-2.51,-2.38,0.32,True,True,True,True,True
135,13:26:28.14,-47:29:17.6,0.632579,14.513,14.864,0,13.5515176817,0.051319465118,,,12.6718634651,0.0614332157713,10.1823337912,0.0149360583959,,,-0.172299312537,,0.356539988078,2.95628227604,,-2.2,0.0,0.6326,0.632583,-1.57,0.18,-2.2,0.5,-1.69,0.39,-2.34,-2.15,0.42,False,True,True,True,True
136,13:26:31.09,-47:27:40.5,0.391945,14.376,14.732,1,13.514115084,0.011526840658,13.0095379647,0.047521778633,13.2205788262,0.0156007033317,,,,,-0.04554661239,0.245708016799,-0.040664564159,,,-1.83,0.47,0.3919,0.391926,-1.64,0.37,-1.83,0.47,-1.81,0.27,-2.27,-2.06,0.33,False,True,False,True,True
137,13:26:31.55,-47:27:04.3,0.334205,14.557,14.907,1,13.7742546046,0.00623832242407,13.7052795915,0.0123451519949,13.4785902675,0.00915302014516,13.7172358958,0.00852276287876,,,-0.135354944381,-0.26343755779,-0.110695709537,-0.264504225392,,-1.19,0.18,0.3342,0.33421,,,-1.19,0.18,-1.34,0.18,-1.86,-1.52,0.35,False,False,False,False,True
139,13:26:37.76,-47:27:35.2,0.676871,14.361,14.871,0,13.1108489005,0.00522746486252,12.8596165188,0.0133751947026,12.7310341049,0.0100936586253,12.9753071094,0.015620892902,,,0.210145625993,0.183486412176,0.230533902427,0.093651962827,,-1.46,0.04,0.6769,0.676871,-1.83,0.2,-1.46,0.04,-1.65,0.06,,-1.65,0.06,True,True,True,False,True
140,13:26:42.16,-47:30:07.1,0.619849,14.463,14.807,0,13.0223944715,0.0107996270512,12.5761264219,0.0301973830728,12.6671136916,0.021642293984,12.8068773678,0.0129794257846,,,0.374313880141,0.552551094895,0.381366601637,0.352663110586,,,,0.6198,0.619805,-1.72,0.15,,,-1.74,0.15,-2.24,-1.87,0.31,True,True,True,True,True
141,13:26:40.91,-47:29:27.9,0.697363,14.494,14.961,0,13.3376422564,0.00682977549655,12.9540432894,0.0276097557235,12.931592507,0.0134564627183,,,,,-0.0423076106009,0.0600578884851,0.000520392453591,,,-1.55,0.36,0.6974,0.697436,-2.2,0.36,-1.55,0.36,-1.98,0.34,-1.85,-1.89,0.09,False,False,False,True,True
142,13:26:42.67,-47:28:42.7,0.375848,14.587,15.079,1,13.1753610858,0.0205769220784,12.5885262952,0.0310426453984,12.5796655648,0.0363191868485,12.9975507761,0.00665689664268,,,0.338029295779,0.715821624242,0.649714892884,0.31962475346,,,,0.3758,0.375867,-1.81,0.24,,,-1.83,0.24,,-1.83,0.24,True,True,True,True,True
143,13:26:42.64,-47:27:28.8,0.820734,14.4,14.892,0,13.3192933592,0.0185427434144,12.2633969869,0.0687219260862,12.150040132,0.0243273394444,,,,,-0.164101633934,0.592309441327,0.621201994465,,,-1.87,0.14,0.8207,0.820756,,,-1.87,0.14,-2.09,0.14,-2.41,-2.17,0.19,False,True,True,True,True
144,13:26:43.06,-47:28:17.9,0.83532,14.401,14.942,0,13.1904946272,0.00547659160022,12.9381696435,0.0175453776756,12.8566005755,0.0119875514134,12.9549602239,0.0145078407884,,,-0.050458452862,-0.0995925835359,-0.102755583216,-0.102493476058,,-1.71,0.12,0.8353,0.835322,,,-1.71,0.12,-1.91,0.12,-1.62,-1.86,0.16,False,False,False,False,True
145,13:26:51.26,-47:31:08.6,0.373214,14.519,14.934,1,13.4589955367,0.0136615844209,13.081558429,0.0272338127253,13.142168678,0.0282133488894,,,,,0.0619115188846,0.23102392893,0.0955073045103,,,-1.58,0.07,0.3732,0.374104,,,-1.58,0.07,-1.77,0.07,-1.43,-1.75,0.12,False,True,True,True,True
146,13:26:52.87,-47:29:27.9,0.633092,14.48,14.997,0,13.5205255395,0.00943508523191,13.9066636791,0.0773225567204,13.0928561652,0.0232014127922,12.623347174,0.0335123194219,,,-0.142004591854,-0.798542243853,-0.0652532857367,0.514434522221,,,,0.6331,0.633097,,,,,,,-1.93,-1.93,0.25,False,True,False,True,True
147,13:27:15.86,-47:31:09.2,0.422699,14.49,14.826,1,13.403293863,0.00359204367704,13.0384466915,0.0118089537593,13.0891812413,0.00647269907638,,,,,-0.0154611833778,0.128354066432,0.00163167533715,,,-1.66,0.14,0.4227,0.422344,,,-1.66,0.14,-1.86,0.14,-2.0,-1.89,0.08,False,True,False,True,True
149,13:27:32.94,-47:13:43.6,0.682728,14.38,14.69,0,13.3887140077,0.00439143737542,13.1655377062,0.00997914491995,13.0447842352,0.00694422221867,,,,,-0.0751320008391,-0.130812681057,-0.0917250969506,,,-1.21,0.24,0.6827,0.682724,,,-1.21,0.24,-1.36,0.24,-1.76,-1.55,0.28,False,False,False,True,True
150,13:27:40.21,-47:36:00.1,0.899302,14.284,14.766,0,13.0838106463,0.00557835599039,12.8236551636,0.00716036544691,12.7214582293,0.00518478007677,,,,,-0.00727082996046,-0.0568440529335,-0.0405010300943,,,-1.76,0.34,0.8993,0.899341,,,-1.76,0.34,-1.97,0.34,,-1.97,0.34,False,False,False,True,True
151,13:28:25.40,-47:16:00.2,0.407784,99.999,99.999,0,13.5033038805,0.00383604976216,13.3194164486,0.00590491791269,13.2738242273,0.00468893496555,,,,,0.253660658991,0.216436032655,0.188195980712,,,-1.3,0.24,0.4078,0.407784,,,,,-1.46,0.24,,-1.46,0.24,True,True,True,True,True
153,13:26:49.69,-47:26:23.7,0.386245,14.578,15.004,1,13.6594218867,0.00745542308212,13.5726255307,0.0223193364099,13.3965253544,0.0138044376923,13.3445352533,0.0070238178642,,,-0.175195897883,-0.300226901339,-0.199331199335,-0.0588586899988,,-1.38,0.19,0.3862,0.386249,,,-1.38,0.19,-1.55,0.19,-1.58,-1.56,0.02,False,True,False,False,True
154,13:27:03.15,-47:30:32.6,0.32234,14.537,14.856,1,13.6324726429,0.00545753811001,13.4696295932,0.0114975842873,13.385431262,0.0119585511014,,,13.714151956,0.0147844561683,0.0450616200432,0.014536247476,0.0251010777578,,-0.268605501878,-1.39,0.12,0.3223,0.322338,-1.49,0.23,-1.39,0.12,-1.55,0.03,-2.31,-1.56,0.13,False,False,False,True,False
155,13:26:53.63,-47:24:42.5,0.413925,14.516,14.944,1,13.2909499644,0.0135210740862,12.9633772414,0.0240328189959,12.9859836423,0.0263707540026,12.9710345176,0.00868378965418,,,0.119301349621,0.227982898221,0.129570847286,0.234745789867,,-1.46,0.09,0.4139,0.413933,,,-1.46,0.09,-1.64,0.09,-1.61,-1.64,0.02,True,True,True,True,True
156,13:26:47.92,-47:31:52.5,0.359067,14.522,14.929,1,13.463838698,0.0104426342994,13.1442532572,0.0217530329941,13.1821864311,0.0217316333691,,,14.3129048483,0.0174826528584,0.0983699262831,0.213574541287,0.101070640636,,-1.00695818189,-1.4,0.04,0.3591,0.359071,-1.51,0.38,-1.4,0.04,-1.57,0.01,,-1.57,0.01,True,True,True,True,True
157,13:26:46.49,-47:27:17.5,0.4064,14.585,14.995,1,13.6252482195,0.00894815313036,13.6740671565,0.0294203255515,13.4121372246,0.0188626247143,13.6225368871,0.0130986377873,,,-0.195387760396,-0.461225401622,-0.274941760595,-0.395577746788,,-1.49,0.1,0.4064,0.405979,,,-1.49,0.1,-1.67,0.1,-0.98,-1.57,0.34,False,True,True,True,True
158,13:26:45.34,-47:30:40.2,0.367276,14.509,14.889,1,13.6599598108,0.00655002120438,13.516234282,0.0298325186108,13.483553174,0.0136442906253,13.1805019336,0.00809155638376,,,-0.121910963047,-0.184873268367,-0.226959228252,0.163305941791,,-1.25,0.06,0.3673,0.367293,-1.64,0.49,-1.25,0.06,-1.41,0.04,-1.57,-1.41,0.03,False,False,False,False,True
159,13:23:24.44,-47:43:33.1,0.343101,99.999,99.999,1,,,,,,,,,,,,,,,,,,0.3431,0.343101,,,,,,,,,,True,True,True,True,True
160,13:25:36.16,-47:12:32.5,0.397276,99.999,99.999,1,,,,,,,,,,,,,,,,-1.66,0.0,0.3973,0.397263,,,-1.66,0.5,-1.86,0.5,-1.84,-1.85,0.01,True,True,True,True,True
163,13:25:49.42,-47:20:21.5,0.313229,14.554,14.877,1,13.7786270649,0.00535023363976,13.5833716285,0.00457726871495,13.5597363176,0.00721543484483,,,,,-0.0704478452236,-0.0656345552549,-0.115383700521,,,-1.18,0.27,0.3132,0.313231,,,-1.18,0.27,-1.33,0.27,-1.99,-1.68,0.46,False,False,False,True,True
165,13:26:39.44,-47:26:56.1,0.500765,14.642,15.092,0,13.77622815,0.0152886577421,13.6450799812,0.0301812809904,13.4870941116,0.0275638148464,13.2480126173,0.0149821925805,,,-0.195976309569,-0.308954775662,-0.227923311797,0.131112953681,,,,0.5008,0.500745,,,,,,,,,,False,True,False,False,True
166,13:26:46.00,-47:26:15.3,0.340173,14.501,14.939,1,13.5574223762,0.00919880728984,13.2735788136,0.0208742930685,13.3223101767,0.0181920693955,13.2307648996,0.00514898914584,,,0.0625598303541,0.147539345635,0.024706768847,0.201534998421,,,,0.3402,0.340208,,,,,,,-2.15,-2.15,0.25,False,True,False,True,True
168,13:25:52.78,-47:32:02.9,0.321299,15.134,15.494,1,14.1863983506,0.00431566912541,14.0106815818,0.00582618609765,13.968588515,0.00515657616813,,,,,-0.505406806673,-0.522728325629,-0.554240663193,,,,,0.3213,0.321297,,,,,,,,,,True,True,True,True,True
169,13:27:20.47,-47:23:59.1,0.319116,14.641,14.917,1,13.8070306817,0.00368932393686,13.7704910669,0.005606915373,13.6735308133,0.00726913184485,13.6433939108,0.0158654259828,,,-0.118752623114,-0.274555509421,-0.2511414443,-0.137331162433,,,,0.3191,0.319113,-1.65,0.19,,,-1.67,0.19,-1.83,-1.73,0.11,False,False,True,False,True
181,13:30:00.45,-47:48:45.6,0.58836,99.999,99.999,0,,,,,,,,,,,,,,,,,,0.5884,0.58836,,,,,,,,,,True,True,True,True,True
182,13:32:13.42,-47:06:18.6,0.54539,99.999,99.999,0,,,,,,,,,,,,,,,,,,0.5454,0.54539,,,,,,,,,,True,True,True,True,True
183,13:29:39.55,-47:30:18.9,0.29605,99.999,99.999,1,,,,,,,,,,,,,,,,,,0.2961,0.29605,,,,,,,,,,True,True,True,True,True
184,13:27:28.50,-47:31:35.4,0.30337,14.661,14.973,1,13.7809018509,0.00344701964666,13.6396062867,0.00795822425754,13.5387799243,0.00561496017597,,,,,-0.0385409841567,-0.0844235732711,-0.056703880389,,,,,0.3034,0.303372,,,,,,,-1.78,-1.78,0.25,False,False,False,True,True
185,13:26:04.13,-47:21:45.0,0.3332,14.56,99.999,1,13.7143822237,0.00471183498108,13.5822376272,0.00516868240249,13.5139920138,0.00654630939283,,,13.7857198638,0.0128666898252,-0.072263697798,-0.136869359488,-0.142545062829,,-0.38304357654,,,0.333,0.333112,,,,,,,-1.98,-1.98,0.25,False,False,False,True,False
261,13:27:15.41,-47:21:29.5,0.402512,14.562,15.025,1,13.4317774832,0.00257795138304,13.2499601815,0.00536513953427,13.131705155,0.00569661205357,,,,,0.00835732323437,-0.0258629855814,0.0168292473836,,,,,0.4025,0.402524,-1.5,0.35,,,-1.52,0.35,-1.87,-1.75,0.23,False,False,False,True,True
263,13:26:13.13,-47:26:09.7,1.012158,14.304,14.882,0,13.1595189944,0.00477769702774,12.8975052165,0.00489756175164,12.7544740218,0.00454224002497,12.7774072984,0.00952251645526,12.9712149536,0.0111885858914,-0.184689171394,-0.245650529394,-0.190270242504,-0.122587725044,-0.329610267933,,,1.0122,1.012155,-1.73,0.19,,,-1.75,0.19,-1.41,-1.62,0.23,False,False,False,False,False
264,13:26:39.66,-47:30:28.2,0.321398,14.743,15.092,1,13.8776114467,0.00788546482812,13.9066544091,0.0474091562799,13.6154104278,0.0145790469891,15.0884972038,0.0238700620446,,,-0.196949174806,-0.41906186703,-0.201425966015,-1.59065987641,,,,0.3214,0.321393,,,,,,,-1.2,-1.2,0.25,False,True,False,True,True
265,13:26:30.22,-47:28:45.2,0.4226,14.462,14.866,1,13.4949351511,0.00558457697592,13.3406926588,0.0143858051179,13.2364753211,0.00947364766075,,,,,-0.106852119653,-0.173617643038,-0.145386112079,,,,,0.4226,0.421831,-2.0,0.29,,,-2.02,0.29,-1.47,-1.7,0.39,False,False,False,True,True
266,13:26:39.65,-47:28:01.7,0.352303,14.509,14.804,1,13.4505536136,0.0164481508586,13.2006280679,0.029953667926,13.1518556425,0.0311174968645,,,,,0.131980783269,0.179466403846,0.153833285532,,,,,0.3523,0.352314,,,,,,,-1.89,-1.89,0.25,True,True,True,True,True
267,13:26:40.23,-47:26:35.8,0.315822,14.486,14.837,1,13.4183126671,0.017992475279,12.9575425349,0.0286489771002,12.9233885751,0.0301770240047,13.0232501351,0.00609409555561,,,0.281055150074,0.550541738204,0.511239633528,0.494790093286,,,,0.3158,0.315827,-1.62,0.63,,,-1.64,0.63,-2.93,-2.76,0.63,True,True,True,True,True
268,13:26:35.16,-47:26:10.9,0.812922,14.544,14.97,0,13.1049648613,0.0119318085618,12.3872541118,0.0211650261831,12.5951037405,0.0206935309269,,,,,0.058455042669,0.477752110528,0.185583554248,,,,,0.8129,0.812933,-1.76,0.24,,,-1.78,0.24,,-1.78,0.24,False,True,True,True,True
270,13:26:56.57,-47:30:05.7,0.312714,14.546,14.853,1,13.649598808,0.010305405809,13.4271557367,0.024193089004,13.428330457,0.0195469520216,,,13.4687641552,0.0144979765415,0.0603391387968,0.0925080038822,0.0179631202005,,0.0160064249682,,,0.3127,0.31306,,,,,,,-2.69,-2.69,0.25,False,False,False,True,False
271,13:26:47.13,-47:30:04.1,0.4432,14.358,14.833,1,13.1192444283,0.0153975106213,12.5663029488,0.0337314763982,12.6197293142,0.0318561218606,12.886941799,0.00808886653259,,,0.217969095738,0.545045048687,0.415219471366,0.239954133915,,,,0.4432,0.44313,-1.8,0.21,,,-1.82,0.21,-1.12,-1.53,0.48,True,True,True,True,True
272,13:26:42.95,-47:25:56.6,0.311482,14.665,14.986,1,13.817476468,0.00604094823315,13.6436747255,0.0115578256317,13.5726189815,0.00854319092091,13.6303965711,0.00642731130626,,,-0.103319456253,-0.119389042981,-0.12166917496,-0.0963832914438,,,,0.3115,0.311478,,,,,,,-1.78,-1.78,0.25,False,False,False,False,True
273,13:26:54.34,-47:27:08.7,0.367106,14.546,14.946,1,13.6050415265,0.0111588903271,13.5291846491,0.0523373140737,13.34399049,0.0296427806463,,,,,-0.066497852388,-0.197281558318,-0.0868504457585,,,,,0.3671,0.367132,,,,,,,-1.53,-1.53,0.25,False,False,False,True,True
274,13:26:43.73,-47:22:48.2,0.311089,14.579,99.999,1,13.8307310459,0.0030945741046,13.7836856374,0.00657541718153,13.6603665105,0.00639661368747,14.2665333492,0.0380395184386,,,-0.115224668529,-0.257921738822,-0.207927521907,-0.731062688875,,,,0.3111,0.311087,,,,,,,-1.67,-1.67,0.25,False,False,False,True,True
275,13:26:49.75,-47:27:37.3,0.3776,14.467,14.865,1,13.4911088642,0.0117008427997,13.3308630744,0.0490161889263,13.1606526504,0.0237056603648,,,,,0.0173109321965,-0.0319603795224,0.0632421878784,,,,,0.3776,0.377768,-1.66,0.36,,,-1.68,0.36,-1.91,-1.83,0.15,False,False,True,True,True
276,13:27:16.51,-47:33:17.6,0.307807,14.593,14.897,1,13.7284491417,0.0059704131627,13.6293307391,0.0132845461596,13.5368617996,0.00703414292339,,,,,-0.00160699779929,-0.0911486257457,-0.0719124729748,,,,,0.3078,0.307803,,,,,,,-2.1,-2.1,0.25,False,False,False,True,True
277,13:26:59.97,-47:27:29.2,0.351563,14.506,14.889,1,13.6110935551,0.00662015021649,13.3533775093,0.0183304922041,13.3585193491,0.0122553843042,13.4492683757,0.0128176153012,,,-0.0263118232437,0.0291788946387,-0.0503502252837,-0.0549867067509,,,,0.3516,0.351518,,,,,,,-2.26,-2.26,0.25,False,False,False,False,True
280,13:27:09.33,-47:23:05.7,0.281644,14.76,15.019,1,13.9525516083,0.00337988329845,13.9495879279,0.00751202739316,13.8258207732,0.0084385030268,,,,,-0.130769034839,-0.307399557701,-0.256093629962,,,,,0.2816,0.281663,,,,,,,-1.56,-1.56,0.25,False,True,True,True,True
281,13:27:06.29,-47:47:23.1,0.285,14.63,99.999,1,,,,,,,,,,,,,,,,,,0.285,0.285029,,,,,,,,,,True,True,True,True,True
283,13:27:36.43,-47:46:40.0,0.5173,18.1,99.999,0,,,,,,,,,,,,,,,,,,0.5173,0.517349,,,,,,,,,,True,True,True,True,True
285,13:25:40.20,-47:34:48.4,0.329014,14.537,14.884,1,13.6888942479,0.00490039680933,13.5096484146,0.0077410342404,13.505532233,0.00436447145839,,,,,-0.0332633195616,-0.0494774500291,-0.119172772879,,,,,0.329,0.329015,,,,,,,-1.7,-1.7,0.25,False,False,False,True,True
288,13:28:10.32,-47:23:47.8,0.2954,14.64,99.999,1,13.8121857552,0.00316885889031,13.7401564162,0.00450539799697,13.6587737443,0.00560319849134,,,,,-0.0413704604696,-0.153802171746,-0.145294926552,,,,,0.2954,0.295567,,,,,,,-2.17,-2.17,0.25,False,False,False,True,True
289,13:28:03.68,-47:21:27.9,0.30809,14.625,14.91,1,13.7448690169,0.00384057287393,13.6246307189,0.00431808213601,13.6006205435,0.00625888257688,13.6507837326,0.00578183632243,,,-0.0190090828787,-0.0875246062912,-0.136755199822,-0.104130726245,,,,0.3081,0.308092,,,,,,,-2.25,-2.25,0.25,False,False,False,False,True
291,13:26:38.52,-47:33:28.0,0.334,14.503,14.88,1,13.6774206926,0.0053052646808,13.5272839591,0.0128379320765,13.4460918583,0.00759157061776,,,,,-0.0378652344011,-0.0847235054986,-0.0774735509215,,,,,0.334,0.333987,,,,,,,-2.09,-2.09,0.25,False,False,False,True,True
339,13:26:29.67,-47:29:51.8,0.301322,14.492,14.868,1,13.739991774,0.00646034914777,13.4188220292,0.0156407143201,13.4402271504,0.00896637236196,,,13.6349773335,0.0343262347826,0.00960883842532,0.144291750608,0.049838795694,,-0.102195749306,,,0.3013,0.301324,,,,,,,-3.0,-3.0,0.25,False,True,True,True,False
340,13:26:38.95,-47:27:32.5,0.301821,14.557,99.999,1,13.4898770901,0.0142207301735,13.0943312402,0.0250624220697,13.0908909925,0.0257983634279,13.3066693076,0.00525653680483,,,0.2579550174,0.466845160787,0.397223202527,0.26371471749,,,,0.3018,0.301821,,,,,,,-2.38,-2.38,0.25,True,True,True,True,True
341,13:26:54.61,-47:28:47.7,0.306136,14.454,14.816,1,13.7686915981,0.0127399197625,13.3352454392,0.0226260358879,13.3698917916,0.0173028578243,,,,,-0.0360314317732,0.209310257438,0.101478400084,,,,,0.3061,0.306145,-1.78,0.59,,,-1.8,0.59,-2.61,-2.48,0.41,False,True,True,True,True
342,13:27:18.69,-47:28:22.9,0.308389,14.598,14.935,1,13.683477604,0.00761622901733,13.360697582,0.0138222847444,13.4216684764,0.013705483493,,,,,0.0413455685345,0.175272769142,0.0410526802818,,,,,0.3084,0.308386,-1.71,0.55,,,-1.73,0.55,-1.8,-1.79,0.04,False,True,True,True,True
343,13:26:47.79,-47:29:36.8,0.310211,14.562,14.941,1,13.6518469599,0.0129818249017,13.4687226589,0.0331437316011,13.4433295479,0.0233893672424,13.1807289537,0.00837061141129,,,0.066680199382,0.0603504749614,0.0124432252004,0.358004298385,,,,0.3102,0.310214,,,,,,,-2.91,-2.91,0.25,False,False,False,True,True
344,13:26:38.09,-47:24:44.7,0.313764,14.606,14.937,1,13.790242475,0.0095913010356,13.7627948138,0.0432112061083,13.6501521829,0.0167835484925,,,,,-0.0838872229085,-0.247055878145,-0.20781252639,,,,,0.3138,0.313767,-1.52,0.54,,,-1.54,0.54,-2.04,-1.95,0.27,False,False,False,True,True
346,13:26:46.93,-47:28:14.1,0.327623,14.498,14.847,1,13.6728409103,0.00961083011792,12.6961566399,0.0340882423199,13.4063696541,0.0210841567692,,,,,-0.0126817532955,0.768974952255,-0.0150127664875,,,,,0.3276,0.327626,-1.66,0.27,,,-1.68,0.27,-2.82,-2.29,0.8,False,True,False,True,True
347,13:26:50.88,-47:27:46.2,0.328849,14.48,14.853,1,,,,,,,,,12.6725209842,0.0453591818877,,,,,0.747160826812,,,0.3288,0.328912,,,,,,,,,,True,True,True,True,True
349,13:26:51.80,-47:27:43.9,0.3642,99.999,14.795,1,13.7591960804,0.0605688597949,,,,,,,,,-0.212158163308,,,,,,,0.3642,0.364193,,,,,,,,,,False,True,True,True,True
350,13:26:56.40,-47:30:50.2,0.379108,14.483,14.855,1,13.2194164851,0.0172697149819,13.0285826672,0.0297352904812,12.7641693639,0.0348011214698,,,12.9802832201,0.0158336965717,0.284743410243,0.265653350213,0.455024177644,,0.255396415216,,,0.3791,0.379109,-1.45,0.4,,,-1.47,0.4,-2.12,-1.94,0.41,True,True,True,True,False
351,13:26:42.66,-47:27:35.4,0.385553,99.999,99.999,1,,,,,,,,,,,,,,,,,,0.3856,0.385149,,,,,,,,,,True,True,True,True,True
352,13:26:54.35,-47:29:11.3,0.397544,14.179,14.47,1,13.3459532557,0.0208942442899,12.1644703079,0.149284590259,12.7667848428,0.0804046583906,12.9940162554,0.0343735623666,,,0.107455272295,1.07416811245,0.396398656601,0.258375947534,,,,0.3975,0.397561,,,,,,,-1.97,-1.97,0.25,True,True,True,True,True
353,13:26:43.79,-47:27:56.6,0.40102,14.471,14.765,1,13.6893378078,0.0191663043444,13.7220454878,0.177435121163,13.1777270044,0.0638385101009,,,,,-0.245233901136,-0.493600183706,-0.024812237846,,,,,0.401,0.401849,-1.93,0.31,,,-1.95,0.31,-2.31,-2.17,0.25,True,True,False,True,True
354,13:26:38.63,-47:25:09.9,0.419934,14.537,14.961,1,13.5206322523,0.0051706973525,13.3126065159,0.0151359579222,13.2808156969,0.0106871548027,13.1689851968,0.010760684806,,,-0.125785275665,-0.13812166827,-0.182261686932,0.0201576751652,,,,0.4199,0.419413,-1.73,0.23,,,-1.75,0.23,-1.29,-1.54,0.33,False,False,False,False,True
357,13:26:17.77,-47:30:23.4,0.297775,14.562,14.901,1,13.694243487,0.0078111387703,13.4759071859,0.0183429898811,13.4890500272,0.012883559722,13.7249136295,0.007871973925,,,0.0680130838313,0.101071065205,0.0149832423523,-0.138950480666,,,,0.2978,0.297778,-1.64,0.99,,,-1.66,0.99,-2.08,-2.05,0.14,True,True,False,False,True
366,13:26:41.56,-47:31:42.0,0.99991,14.145,14.623,0,12.8015349783,0.00894155405334,12.0696904524,0.0202697092014,12.3109141737,0.015028214206,12.6281452742,0.0182215236397,12.0229092334,0.0379592113335,0.183769184786,0.594002724075,0.265313153977,0.0392054379695,0.631147280075,,,0.9999,0.999924,-1.61,0.14,,,-1.63,0.14,,-1.63,0.14,True,True,True,False,True
399,13:26:29.53,-47:30:02.6,0.309782,14.581,14.849,1,13.6702861398,0.0109838897178,13.4459859238,0.0259607074891,13.4519511293,0.0185448031055,,,,,0.0497201159365,0.0847075449014,0.00545399892855,,,,,0.3098,0.309808,-1.7,0.67,,,-1.72,0.67,-1.8,-1.79,0.04,False,False,False,True,True
